epoch,time,train/box_loss,train/pose_loss,train/kobj_loss,train/cls_loss,train/dfl_loss,train/rle_loss,metrics/precision(B),metrics/recall(B),metrics/mAP50(B),metrics/mAP50-95(B),metrics/precision(P),metrics/recall(P),metrics/mAP50(P),metrics/mAP50-95(P),val/box_loss,val/pose_loss,val/kobj_loss,val/cls_loss,val/dfl_loss,val/rle_loss,lr/pg0,lr/pg1,lr/pg2
1,487.013,2.07174,0.96296,0.45513,1.89815,0.0359,5.93981,0.84615,0.80963,0.90083,0.53213,0.84925,0.81165,0.90602,0.89203,1.62118,0.17689,0.0816,1.07733,0.03946,0,0.000998954,0.000998954,0.0677005
2,704.957,1.5326,0.29751,0.22728,0.98065,0.02475,1.73013,0.91408,0.91181,0.9694,0.72865,0.91553,0.91053,0.96907,0.96387,1.07896,0.07713,0.07931,0.56096,0.02284,0,0.00199874,0.00199874,0.0353669
3,912.461,1.35492,0.20088,0.19036,0.77527,0.02135,0.37108,0.93441,0.92567,0.978,0.76165,0.9347,0.92522,0.97791,0.97544,0.99413,0.06946,0.06659,0.41158,0.02113,0,0.00299765,0.00299765,0.00303252
4,1114.81,1.36188,0.18243,0.15969,0.71245,0.02141,0.12265,0.96058,0.94077,0.98582,0.72409,0.96018,0.94038,0.98568,0.9842,1.14986,0.05106,0.04207,0.38497,0.02635,0,0.00299707,0.00299707,0.00299707
5,1317.21,1.34203,0.17002,0.13699,0.67803,0.02103,0.07615,0.95219,0.94661,0.98559,0.69932,0.95298,0.9474,0.9859,0.98382,1.23171,0.07148,0.03011,0.41073,0.02864,0,0.00299479,0.00299479,0.00299479
6,1523.48,1.26323,0.15918,0.12463,0.61641,0.01956,0.10077,0.97056,0.95335,0.98846,0.79734,0.96976,0.95256,0.98759,0.98616,0.87054,0.04348,0.01673,0.31195,0.01867,0,0.00299187,0.00299187,0.00299187
7,1731.66,1.1759,0.15729,0.10903,0.56115,0.01802,0.06116,0.97458,0.9683,0.99159,0.80558,0.97467,0.96673,0.99141,0.98995,0.87422,0.0464,0.02406,0.27376,0.01856,0,0.00298829,0.00298829,0.00298829
8,1938.86,1.11604,0.14249,0.10501,0.51984,0.01685,0.02282,0.97074,0.97134,0.99167,0.78889,0.97081,0.97056,0.99149,0.99009,0.92817,0.04102,0.01533,0.30683,0.01936,0,0.00298407,0.00298407,0.00298407
9,2142.26,1.0642,0.1332,0.09446,0.48577,0.01591,0.00273,0.97958,0.9737,0.99239,0.82103,0.97892,0.97304,0.99219,0.99099,0.83024,0.03686,0.01367,0.248,0.01732,0,0.0029792,0.0029792,0.0029792
10,2344.89,1.02683,0.12582,0.09186,0.46303,0.01519,0.00021,0.98211,0.97134,0.9924,0.79113,0.98107,0.97003,0.99208,0.99089,0.90664,0.03425,0.01223,0.25811,0.01836,0,0.0029737,0.0029737,0.0029737
11,2546.45,0.9884,0.12472,0.08674,0.44156,0.01459,0.00088,0.98065,0.97474,0.9926,0.81517,0.98085,0.97304,0.99236,0.99122,0.83163,0.03269,0.0105,0.24011,0.01661,0,0.00296755,0.00296755,0.00296755
12,2745.59,0.96341,0.12144,0.08414,0.42253,0.01422,0.00242,0.98195,0.98239,0.99307,0.82994,0.98228,0.98011,0.99284,0.99241,0.80473,0.03022,0.01094,0.22627,0.01651,0,0.00296076,0.00296076,0.00296076
13,2950.55,0.93522,0.11239,0.0799,0.39925,0.01378,2e-05,0.97964,0.98207,0.99291,0.82109,0.97839,0.9805,0.99258,0.99216,0.82654,0.02855,0.00915,0.23322,0.01666,0,0.00295335,0.00295335,0.00295335
14,3156.68,0.92657,0.11666,0.07812,0.39754,0.01354,0.03543,0.98441,0.98316,0.99316,0.8329,0.98339,0.98181,0.9929,0.99272,0.79148,0.03161,0.0194,0.22199,0.01615,0,0.0029453,0.0029453,0.0029453
15,3359.16,0.91717,0.10957,0.07945,0.39093,0.01341,0.0118,0.98687,0.98346,0.99319,0.84139,0.98556,0.98215,0.99304,0.9926,0.75621,0.0295,0.01043,0.20997,0.01498,0,0.00293662,0.00293662,0.00293662
16,3563.75,0.8916,0.10135,0.07368,0.37643,0.01298,0.00152,0.98161,0.98377,0.99303,0.86211,0.98766,0.97566,0.99274,0.99261,0.66376,0.02802,0.01046,0.1986,0.0134,0,0.00292732,0.00292732,0.00292732
17,3767.77,0.86398,0.1012,0.07233,0.37068,0.01256,9e-05,0.98869,0.98343,0.99304,0.88475,0.98775,0.98117,0.99284,0.99264,0.56914,0.02704,0.00903,0.17533,0.01143,0,0.0029174,0.0029174,0.0029174
18,3969.05,0.84498,0.10059,0.07106,0.35985,0.01222,0,0.98843,0.9843,0.99301,0.89755,0.98725,0.98312,0.99283,0.99269,0.53217,0.02704,0.00992,0.16564,0.01056,0,0.00290686,0.00290686,0.00290686
19,4174.93,0.82259,0.09976,0.06918,0.34942,0.01188,0,0.98587,0.9843,0.99357,0.90405,0.98505,0.98312,0.99334,0.99324,0.50659,0.02669,0.00913,0.16032,0.01007,0,0.00289572,0.00289572,0.00289572
20,4376,0.80673,0.09671,0.06772,0.33815,0.01164,0,0.9895,0.98644,0.99373,0.90438,0.98846,0.98469,0.99329,0.99314,0.50623,0.02695,0.00959,0.15736,0.01006,0,0.00288397,0.00288397,0.00288397
21,4574.57,0.79856,0.09474,0.06821,0.33582,0.01157,0.00021,0.99081,0.98822,0.9931,0.91059,0.98943,0.98665,0.99295,0.99282,0.48827,0.02538,0.00896,0.15428,0.00968,0,0.00287162,0.00287162,0.00287162
22,4781.44,0.79393,0.09408,0.06597,0.33205,0.01138,0,0.98573,0.99005,0.99306,0.91471,0.98653,0.98731,0.99295,0.99288,0.4747,0.02539,0.00975,0.14861,0.00942,0,0.00285867,0.00285867,0.00285867
23,4984.87,0.78879,0.0939,0.06463,0.32568,0.01138,1e-05,0.98966,0.98985,0.99319,0.91632,0.98796,0.98813,0.99304,0.99296,0.46713,0.02451,0.0095,0.14899,0.0092,0,0.00284513,0.00284513,0.00284513
24,5187.19,0.78018,0.09042,0.06404,0.32198,0.01127,0,0.98939,0.98819,0.99373,0.91776,0.98768,0.98649,0.9936,0.99352,0.46724,0.02354,0.00893,0.14715,0.00926,0,0.00283101,0.00283101,0.00283101
25,5388.3,0.76775,0.08968,0.06387,0.31668,0.01102,0.00386,0.99064,0.98731,0.99357,0.91739,0.9893,0.98548,0.99344,0.99337,0.46451,0.02345,0.00931,0.14515,0.00917,0,0.00281632,0.00281632,0.00281632
26,5596.28,0.76077,0.0839,0.06184,0.31265,0.01089,0.00036,0.98957,0.98979,0.99376,0.92067,0.98937,0.98669,0.99362,0.99353,0.4599,0.02376,0.00935,0.14508,0.00908,0,0.00280105,0.00280105,0.00280105
27,5799.89,0.75707,0.08632,0.06294,0.3148,0.01084,0,0.99016,0.98992,0.99374,0.9222,0.9888,0.98796,0.99361,0.99352,0.4545,0.02337,0.00889,0.1414,0.00895,0,0.00278522,0.00278522,0.00278522
28,6002.02,0.74566,0.08549,0.06155,0.31217,0.01065,0.00206,0.99135,0.98976,0.99414,0.92376,0.99031,0.98757,0.99402,0.99396,0.44872,0.02283,0.00882,0.13742,0.00882,0,0.00276883,0.00276883,0.00276883
29,6204.67,0.73884,0.08357,0.05976,0.30252,0.01055,0,0.99278,0.98691,0.99384,0.92447,0.9911,0.98521,0.99374,0.99367,0.44396,0.02271,0.00885,0.13688,0.00869,0,0.00275189,0.00275189,0.00275189
30,6406.3,0.73812,0.08477,0.06153,0.29938,0.01056,0,0.99251,0.99005,0.99395,0.92531,0.99116,0.98822,0.99382,0.99377,0.44113,0.02255,0.0091,0.13476,0.00863,0,0.00273441,0.00273441,0.00273441
31,6607.84,0.7336,0.08506,0.05841,0.29784,0.0105,8e-05,0.99085,0.99165,0.99399,0.92672,0.98991,0.98869,0.99389,0.99383,0.43899,0.02238,0.00919,0.13456,0.00857,0,0.00271639,0.00271639,0.00271639
32,6809.52,0.72749,0.08492,0.05818,0.2947,0.01042,0.00188,0.99021,0.99136,0.99418,0.92733,0.98838,0.98953,0.99407,0.99402,0.43631,0.02224,0.00938,0.13559,0.00852,0,0.00269785,0.00269785,0.00269785
33,7016.32,0.72208,0.08155,0.05897,0.28934,0.01027,0,0.99225,0.98848,0.9941,0.92752,0.99054,0.98678,0.99399,0.99394,0.43582,0.02225,0.00934,0.13549,0.00851,0,0.00267878,0.00267878,0.00267878
34,7218.48,0.71995,0.07911,0.05891,0.29078,0.01026,0,0.99211,0.99202,0.99408,0.92735,0.99057,0.99017,0.99397,0.99392,0.43567,0.02203,0.00917,0.13457,0.00851,0,0.00265921,0.00265921,0.00265921
35,7418.96,0.72072,0.08008,0.05842,0.29219,0.01014,0,0.99176,0.99188,0.99405,0.92936,0.98993,0.99005,0.99393,0.99388,0.4342,0.02192,0.00913,0.13426,0.00847,0,0.00263914,0.00263914,0.00263914
36,7620.19,0.71555,0.08363,0.05747,0.28834,0.01018,0.00513,0.99179,0.99228,0.99413,0.92876,0.98996,0.99045,0.99403,0.99398,0.43428,0.02194,0.00896,0.13404,0.00847,0,0.00261857,0.00261857,0.00261857
37,7826.44,0.70871,0.07288,0.05555,0.28452,0.01009,0,0.99162,0.99148,0.994,0.92867,0.98979,0.98965,0.9939,0.99384,0.43342,0.02182,0.00884,0.13476,0.00846,0,0.00259752,0.00259752,0.00259752
38,8031.34,0.70685,0.07805,0.05623,0.28301,0.01008,0,0.99252,0.99084,0.99399,0.92936,0.99069,0.98901,0.99387,0.99381,0.43257,0.02173,0.00883,0.13408,0.00844,0,0.00257599,0.00257599,0.00257599
39,8229.02,0.70653,0.0753,0.05774,0.28532,0.01011,0,0.99243,0.99163,0.99403,0.92938,0.9906,0.98979,0.99393,0.99387,0.43211,0.02167,0.00884,0.13293,0.00843,0,0.002554,0.002554,0.002554
40,8435.7,0.69694,0.07393,0.05511,0.28043,0.00993,0,0.99262,0.99202,0.994,0.92928,0.99079,0.99019,0.99391,0.99385,0.43142,0.0216,0.00877,0.13185,0.00842,0,0.00253155,0.00253155,0.00253155
41,8637.93,0.69537,0.07483,0.05493,0.2761,0.00993,0,0.99253,0.99163,0.9939,0.92941,0.99083,0.98976,0.9938,0.99374,0.43087,0.02153,0.00872,0.13213,0.00841,0,0.00250866,0.00250866,0.00250866
42,8839.74,0.69009,0.07191,0.05428,0.27171,0.00979,0,0.99188,0.9915,0.99406,0.92962,0.99023,0.98966,0.99395,0.99389,0.43047,0.02138,0.00867,0.13246,0.0084,0,0.00248533,0.00248533,0.00248533
43,9042.38,0.69111,0.0744,0.05411,0.27449,0.00979,0,0.99149,0.99155,0.99403,0.92987,0.98992,0.98934,0.99392,0.99386,0.42953,0.02125,0.00864,0.13272,0.00838,0,0.00246157,0.00246157,0.00246157
44,9247.88,0.68371,0.07115,0.054,0.27166,0.00969,0,0.99341,0.98979,0.99379,0.92987,0.99229,0.98783,0.99367,0.99361,0.42847,0.02116,0.00869,0.13149,0.00836,0,0.0024374,0.0024374,0.0024374
45,9453.14,0.68319,0.06995,0.05304,0.27108,0.00971,0,0.99348,0.99045,0.99392,0.93011,0.99181,0.98875,0.99379,0.99373,0.42781,0.02108,0.00869,0.13112,0.00835,0,0.00241283,0.00241283,0.00241283
46,9658.85,0.67893,0.06936,0.05265,0.26824,0.0096,0,0.99141,0.99136,0.99389,0.93087,0.99052,0.98822,0.99377,0.99371,0.4273,0.02098,0.00869,0.13168,0.00834,0,0.00238786,0.00238786,0.00238786
47,9870.65,0.67908,0.07005,0.05243,0.26959,0.00964,0,0.99215,0.99058,0.99376,0.9311,0.99054,0.98848,0.99363,0.99358,0.42708,0.0209,0.00869,0.13034,0.00834,0,0.00236251,0.00236251,0.00236251
48,10069.7,0.67198,0.06833,0.05146,0.26657,0.00951,0,0.99279,0.99044,0.99366,0.9312,0.99118,0.98835,0.99351,0.99347,0.42688,0.02081,0.00865,0.12998,0.00833,0,0.00233679,0.00233679,0.00233679
49,10275.8,0.67261,0.07031,0.05354,0.26728,0.00951,0,0.99369,0.9911,0.99365,0.93132,0.99172,0.98914,0.99352,0.99348,0.4259,0.0209,0.00893,0.1291,0.00831,0,0.0023107,0.0023107,0.0023107
50,10476.9,0.66837,0.06795,0.05221,0.26323,0.00946,0,0.99344,0.99109,0.99393,0.93144,0.9915,0.98901,0.99382,0.99378,0.42509,0.02083,0.00893,0.12841,0.0083,0,0.00228427,0.00228427,0.00228427
51,10684.1,0.66472,0.06574,0.05181,0.26213,0.00943,0,0.99384,0.99097,0.99382,0.9315,0.99187,0.98901,0.9937,0.99366,0.42476,0.02071,0.00891,0.12959,0.00829,0,0.0022575,0.0022575,0.0022575
52,10883.8,0.66298,0.06791,0.05256,0.25839,0.00938,0,0.99217,0.99202,0.99384,0.93276,0.99021,0.99005,0.99371,0.99368,0.42388,0.0206,0.00884,0.12915,0.00827,0,0.0022304,0.0022304,0.0022304
53,11089.8,0.6614,0.06621,0.05171,0.25909,0.00936,0,0.99345,0.9921,0.99392,0.93302,0.99148,0.99014,0.9938,0.99377,0.42291,0.02038,0.00874,0.12742,0.00826,0,0.00220299,0.00220299,0.00220299
54,11296.2,0.66093,0.06756,0.05162,0.2601,0.00932,0,0.99319,0.99226,0.99389,0.93334,0.99122,0.9903,0.99378,0.99374,0.42226,0.0203,0.00874,0.12728,0.00824,0,0.00217528,0.00217528,0.00217528
55,11504.1,0.6549,0.06602,0.05003,0.25503,0.00925,0,0.99274,0.99267,0.99383,0.9342,0.99071,0.99081,0.9937,0.99368,0.42107,0.02021,0.00876,0.12662,0.00822,0,0.00214728,0.00214728,0.00214728
56,11710.3,0.65455,0.06456,0.05024,0.25636,0.00928,0,0.99035,0.99346,0.99366,0.9342,0.98841,0.99149,0.99353,0.99351,0.42045,0.02008,0.0087,0.12703,0.00821,0,0.002119,0.002119,0.002119
57,11908.9,0.65061,0.06467,0.0507,0.25486,0.00916,0,0.99188,0.99346,0.9938,0.93447,0.98969,0.99193,0.9937,0.99367,0.41959,0.01998,0.0087,0.12603,0.00819,0,0.00209046,0.00209046,0.00209046
58,12112.4,0.64898,0.06185,0.04885,0.2563,0.00918,0,0.99255,0.99351,0.99368,0.93448,0.99059,0.99155,0.99357,0.99355,0.41887,0.01997,0.00873,0.12555,0.00818,0,0.00206166,0.00206166,0.00206166
59,12316,0.64695,0.06372,0.04979,0.24953,0.00917,0,0.99265,0.9932,0.99359,0.93409,0.99068,0.99123,0.99346,0.99344,0.41795,0.01986,0.00866,0.12568,0.00816,0,0.00203263,0.00203263,0.00203263
60,12520.3,0.64505,0.06421,0.04915,0.24808,0.00907,6e-05,0.99319,0.99193,0.99352,0.93434,0.99122,0.98996,0.99338,0.99336,0.41724,0.01995,0.0084,0.12561,0.00815,0,0.00200337,0.00200337,0.00200337
61,12725.4,0.63723,0.06038,0.04911,0.2492,0.00899,0,0.99345,0.99204,0.99336,0.93488,0.99164,0.99019,0.99323,0.9932,0.41623,0.01985,0.00838,0.12524,0.00813,0,0.00197389,0.00197389,0.00197389
62,12932.3,0.64136,0.063,0.0488,0.24883,0.00906,0,0.99303,0.99176,0.99337,0.93524,0.9912,0.98992,0.99318,0.99315,0.41531,0.01978,0.00836,0.12549,0.00812,0,0.00194421,0.00194421,0.00194421
63,13143.8,0.64077,0.0619,0.04876,0.25094,0.00901,0,0.99397,0.99217,0.99347,0.93563,0.99213,0.99028,0.99317,0.99314,0.41412,0.01971,0.00826,0.12396,0.00809,0,0.00191435,0.00191435,0.00191435
64,13343,0.63464,0.06089,0.04938,0.24473,0.00897,0,0.99371,0.99228,0.9936,0.93596,0.99202,0.99032,0.99342,0.99339,0.41331,0.01964,0.00825,0.12364,0.00808,0,0.0018843,0.0018843,0.0018843
65,13550.6,0.6336,0.06069,0.0483,0.24636,0.00891,0,0.99371,0.99176,0.99365,0.93625,0.99192,0.98992,0.99356,0.99354,0.41243,0.01958,0.00821,0.12382,0.00806,0,0.0018541,0.0018541,0.0018541
66,13754.4,0.63308,0.0607,0.04843,0.2435,0.00893,0,0.99357,0.99128,0.99359,0.93668,0.99187,0.98957,0.99349,0.99347,0.41139,0.01949,0.00805,0.12407,0.00804,0,0.00182375,0.00182375,0.00182375
67,13961.5,0.63381,0.06158,0.04779,0.24599,0.00895,0,0.99291,0.99202,0.99358,0.93693,0.99107,0.99019,0.99348,0.99345,0.41074,0.01941,0.00786,0.12376,0.00803,0,0.00179326,0.00179326,0.00179326
68,14167.4,0.62585,0.05971,0.04846,0.23958,0.00881,0,0.99164,0.99349,0.9936,0.93746,0.99342,0.98737,0.9935,0.99347,0.40974,0.01935,0.00782,0.12302,0.00801,0,0.00176265,0.00176265,0.00176265
69,14370.9,0.62959,0.06359,0.04801,0.24378,0.0089,0,0.99396,0.98992,0.99354,0.93715,0.99329,0.98751,0.99344,0.99341,0.40866,0.01929,0.00798,0.12273,0.008,0,0.00173193,0.00173193,0.00173193
70,14575.5,0.62231,0.05938,0.04767,0.242,0.0088,0,0.99122,0.9932,0.99362,0.93753,0.99079,0.9894,0.99353,0.99351,0.40773,0.01924,0.00803,0.12297,0.00798,0,0.00170112,0.00170112,0.00170112
71,14776.1,0.62246,0.05841,0.0461,0.239,0.00881,0,0.99434,0.98891,0.99367,0.9378,0.99263,0.98721,0.99353,0.99351,0.40709,0.01916,0.00802,0.12281,0.00796,0,0.00167022,0.00167022,0.00167022
72,14995.6,0.62187,0.05872,0.0474,0.23805,0.00872,0,0.9922,0.99267,0.99384,0.93787,0.99443,0.98652,0.9936,0.99357,0.40654,0.01893,0.00792,0.12227,0.00796,0,0.00163926,0.00163926,0.00163926
73,15200.2,0.62186,0.05948,0.04722,0.23995,0.00876,0,0.99253,0.99091,0.99394,0.93817,0.99056,0.98889,0.99373,0.9937,0.40577,0.01888,0.00796,0.1228,0.00794,0,0.00160824,0.00160824,0.00160824
74,15402.2,0.61622,0.05779,0.04621,0.23515,0.00868,0,0.9932,0.99123,0.99397,0.93874,0.99223,0.98901,0.99375,0.99373,0.40523,0.01881,0.00797,0.12265,0.00793,0,0.00157719,0.00157719,0.00157719
75,15604.2,0.61896,0.05777,0.04612,0.23556,0.00868,0,0.99034,0.99411,0.99392,0.93888,0.98965,0.99058,0.99372,0.9937,0.40442,0.01876,0.00797,0.1225,0.00791,0,0.0015461,0.0015461,0.0015461
76,15814.7,0.61558,0.05674,0.04612,0.23639,0.00864,0,0.99099,0.99276,0.99391,0.9386,0.98946,0.99005,0.99368,0.99366,0.40377,0.01861,0.00794,0.12253,0.0079,0,0.001515,0.001515,0.001515
77,16017.5,0.61534,0.05673,0.046,0.23693,0.00865,0,0.99223,0.99254,0.99379,0.93887,0.99083,0.9902,0.99354,0.99351,0.40304,0.01851,0.00799,0.12245,0.00788,0,0.0014839,0.0014839,0.0014839
78,16220.8,0.6104,0.05762,0.04626,0.23392,0.0086,0,0.99145,0.99241,0.99381,0.93893,0.98936,0.99032,0.99356,0.99353,0.40232,0.01846,0.00797,0.12212,0.00787,0,0.00145281,0.00145281,0.00145281
79,16426.7,0.60903,0.05504,0.04502,0.23212,0.00853,0,0.98971,0.99418,0.99382,0.93894,0.99182,0.98822,0.99354,0.99352,0.40175,0.01838,0.00798,0.12156,0.00786,0,0.00142176,0.00142176,0.00142176
80,16640.1,0.61167,0.05527,0.04472,0.23331,0.00855,0,0.99225,0.99202,0.99384,0.93902,0.99134,0.98913,0.99359,0.99356,0.40135,0.01826,0.00786,0.1215,0.00785,0,0.00139074,0.00139074,0.00139074
81,16845.2,0.60914,0.05611,0.04474,0.23193,0.00856,0,0.99318,0.99148,0.99385,0.939,0.99143,0.98953,0.99363,0.9936,0.40088,0.01814,0.00766,0.12093,0.00784,0,0.00135978,0.00135978,0.00135978
82,17051.2,0.60816,0.0558,0.04458,0.23103,0.00853,0,0.99312,0.99215,0.99355,0.93887,0.99157,0.99045,0.99346,0.99344,0.40048,0.01806,0.00763,0.12029,0.00783,0,0.00132888,0.00132888,0.00132888
83,17255,0.60342,0.05644,0.04514,0.23166,0.00848,0,0.99264,0.99254,0.99357,0.93898,0.99116,0.99071,0.99349,0.99347,0.40019,0.01799,0.00767,0.12014,0.00782,0,0.00129807,0.00129807,0.00129807
84,17461.7,0.60461,0.05566,0.04442,0.23192,0.00851,0,0.99381,0.99293,0.99357,0.93951,0.99197,0.99084,0.99348,0.99347,0.39969,0.01794,0.00764,0.11928,0.00781,0,0.00126735,0.00126735,0.00126735
85,17661.6,0.60045,0.0535,0.04458,0.23063,0.0084,0,0.99436,0.99154,0.9934,0.94005,0.99239,0.98958,0.99315,0.99313,0.39912,0.01788,0.00764,0.11956,0.0078,0,0.00123674,0.00123674,0.00123674
86,17867.7,0.59807,0.05269,0.04495,0.22819,0.00839,0,0.9941,0.99183,0.99378,0.94006,0.99213,0.98987,0.99346,0.99345,0.39845,0.01779,0.00769,0.1192,0.00778,0,0.00120625,0.00120625,0.00120625
87,18074.8,0.5996,0.05379,0.04381,0.22953,0.00846,0,0.99154,0.99385,0.99342,0.94,0.99133,0.99032,0.99314,0.99312,0.39781,0.01773,0.00768,0.1194,0.00777,0,0.0011759,0.0011759,0.0011759
88,18280,0.59232,0.05191,0.0435,0.22439,0.00829,0,0.99253,0.99254,0.99385,0.94131,0.99071,0.99036,0.99366,0.99364,0.39716,0.01768,0.00765,0.11975,0.00776,0,0.0011457,0.0011457,0.0011457
89,18484.5,0.59205,0.0531,0.04331,0.22838,0.00827,0,0.99255,0.99368,0.99381,0.94077,0.99085,0.99157,0.99367,0.99365,0.39644,0.01764,0.00762,0.11833,0.00774,0,0.00111565,0.00111565,0.00111565
90,18686.4,0.59442,0.05183,0.04359,0.22697,0.00839,0,0.9934,0.9928,0.99378,0.94052,0.99144,0.99084,0.99364,0.99362,0.39608,0.01762,0.00756,0.11853,0.00773,0,0.00108579,0.00108579,0.00108579
91,18893,0.59035,0.05266,0.04334,0.22559,0.00826,0,0.99235,0.99359,0.99379,0.94167,0.99055,0.99097,0.99365,0.99363,0.39571,0.01739,0.00737,0.11868,0.00772,0,0.00105611,0.00105611,0.00105611
92,19096.2,0.59176,0.05273,0.04326,0.22492,0.00833,0,0.99372,0.99348,0.99407,0.94188,0.99189,0.99136,0.99396,0.99394,0.39535,0.01735,0.00735,0.118,0.00772,0,0.00102663,0.00102663,0.00102663
93,19299.6,0.58923,0.05202,0.04417,0.22437,0.00824,0,0.99448,0.9932,0.99408,0.94171,0.99253,0.99115,0.99396,0.99394,0.39489,0.01725,0.0073,0.11731,0.00771,0,0.000997371,0.000997371,0.000997371
94,19503.7,0.58981,0.05159,0.04314,0.22616,0.00824,0,0.99293,0.99269,0.99368,0.94144,0.99122,0.98998,0.99351,0.99349,0.39442,0.01706,0.0075,0.11847,0.0077,0,0.000968335,0.000968335,0.000968335
95,19710.1,0.58985,0.05117,0.04241,0.2216,0.00823,0,0.99398,0.99406,0.99397,0.94198,0.99189,0.99197,0.99381,0.99379,0.39375,0.01703,0.00747,0.1174,0.00768,0,0.000939539,0.000939539,0.000939539
96,19915.2,0.58655,0.05036,0.04321,0.22308,0.00821,0,0.9926,0.99359,0.99397,0.94245,0.99075,0.99149,0.99384,0.99382,0.39325,0.01698,0.00751,0.11796,0.00767,0,0.000910996,0.000910996,0.000910996
97,20116.5,0.58475,0.05118,0.04281,0.22236,0.00815,0,0.99197,0.9945,0.99395,0.94259,0.99059,0.99135,0.99382,0.99381,0.39306,0.01697,0.0075,0.11757,0.00767,0,0.000882718,0.000882718,0.000882718
98,20325,0.5799,0.05104,0.0426,0.2192,0.00812,0,0.99319,0.99411,0.99397,0.94272,0.99108,0.99202,0.99382,0.9938,0.3929,0.01692,0.00742,0.11723,0.00766,0,0.000854717,0.000854717,0.000854717
99,20525.5,0.58002,0.04921,0.04156,0.22057,0.00809,0,0.99374,0.99398,0.99369,0.94246,0.99164,0.99189,0.99354,0.99353,0.39246,0.01687,0.00739,0.11665,0.00766,0,0.000827005,0.000827005,0.000827005
100,20734.3,0.58044,0.05135,0.04225,0.22001,0.00814,0,0.99398,0.99389,0.99401,0.94316,0.99189,0.99181,0.99388,0.99386,0.39228,0.01683,0.00737,0.11632,0.00765,0,0.000799596,0.000799596,0.000799596
101,20934.9,0.57665,0.05039,0.04222,0.21935,0.00805,0,0.9936,0.99497,0.99398,0.94333,0.99204,0.99215,0.99386,0.99384,0.39213,0.01678,0.00733,0.11614,0.00765,0,0.0007725,0.0007725,0.0007725
102,21140.8,0.57876,0.05076,0.04244,0.21942,0.00811,0,0.99333,0.99444,0.99386,0.94298,0.99134,0.99228,0.99373,0.99371,0.39182,0.01675,0.00731,0.11584,0.00764,0,0.00074573,0.00074573,0.00074573
103,21342.1,0.57787,0.04975,0.04176,0.22155,0.00804,0,0.99294,0.99363,0.99403,0.94318,0.99085,0.99152,0.9939,0.99388,0.39171,0.01669,0.00715,0.11651,0.00764,0,0.000719297,0.000719297,0.000719297
104,21539.1,0.57693,0.05054,0.04101,0.2162,0.00806,0,0.99356,0.99463,0.99387,0.94301,0.9915,0.99243,0.99374,0.99372,0.39152,0.01667,0.00717,0.11576,0.00764,0,0.000693214,0.000693214,0.000693214
105,21739.7,0.57485,0.04837,0.04016,0.21602,0.00805,0,0.99412,0.99228,0.99392,0.94332,0.99203,0.99019,0.9938,0.99378,0.39112,0.01665,0.00714,0.1164,0.00763,0,0.00066749,0.00066749,0.00066749
106,21944.2,0.5786,0.04981,0.04099,0.21905,0.00807,0,0.99307,0.99442,0.99371,0.94302,0.99119,0.99215,0.99357,0.99355,0.39085,0.01663,0.00709,0.1165,0.00763,0,0.000642139,0.000642139,0.000642139
107,22149.6,0.57143,0.04975,0.04162,0.21546,0.00797,0,0.99385,0.99384,0.99405,0.94331,0.99162,0.99139,0.99392,0.99391,0.39062,0.01658,0.00705,0.1162,0.00762,0,0.00061717,0.00061717,0.00061717
108,22351.1,0.57291,0.04944,0.04211,0.21691,0.00801,0,0.99437,0.99437,0.99406,0.94315,0.99267,0.99189,0.99395,0.99393,0.3904,0.01655,0.0071,0.11501,0.00762,0,0.000592596,0.000592596,0.000592596
109,22557.7,0.56951,0.04645,0.0415,0.21419,0.00796,0,0.99356,0.99385,0.99403,0.94373,0.99185,0.99123,0.99391,0.99389,0.39003,0.01653,0.00708,0.11533,0.00761,0,0.000568425,0.000568425,0.000568425
110,22759.5,0.56669,0.04947,0.04082,0.21069,0.00789,0,0.99412,0.99306,0.99403,0.94398,0.99203,0.99097,0.99391,0.99389,0.38988,0.0165,0.00705,0.11518,0.00761,0,0.00054467,0.00054467,0.00054467
111,22962.2,0.56793,0.04848,0.04212,0.21199,0.00793,0,0.99457,0.9928,0.99403,0.94348,0.99247,0.99071,0.99391,0.99389,0.38961,0.01646,0.00707,0.1154,0.0076,0,0.000521341,0.000521341,0.000521341
112,23169.9,0.56323,0.04699,0.04029,0.21095,0.00787,0,0.99451,0.9945,0.99406,0.94396,0.99253,0.99241,0.99393,0.99392,0.38953,0.01644,0.00705,0.11472,0.0076,0,0.000498448,0.000498448,0.000498448
113,23370.9,0.56164,0.04883,0.04063,0.20839,0.00784,0,0.99476,0.99384,0.99376,0.94444,0.9928,0.99123,0.99363,0.99362,0.38929,0.01641,0.00703,0.11483,0.00759,0,0.000476,0.000476,0.000476
114,23584.9,0.56435,0.04665,0.04069,0.2121,0.00785,0,0.99359,0.99446,0.99358,0.94442,0.99219,0.99163,0.99344,0.99342,0.38918,0.0164,0.00702,0.11518,0.00759,0,0.000454008,0.000454008,0.000454008
115,23790.1,0.56211,0.04598,0.03982,0.21154,0.00784,0,0.99333,0.99448,0.99403,0.94499,0.9915,0.99197,0.9939,0.99389,0.38898,0.01637,0.00702,0.1147,0.00759,0,0.000432482,0.000432482,0.000432482
116,23994.9,0.56261,0.0459,0.04011,0.21175,0.00787,0,0.9954,0.9928,0.99395,0.94481,0.99342,0.99084,0.99382,0.99381,0.38872,0.01632,0.00701,0.11409,0.00758,0,0.00041143,0.00041143,0.00041143
117,24197.4,0.56317,0.04775,0.0403,0.21084,0.00786,0,0.99688,0.99097,0.99377,0.94473,0.9949,0.98901,0.99363,0.99361,0.3885,0.01631,0.00699,0.11411,0.00758,0,0.000390862,0.000390862,0.000390862
118,24399.6,0.5564,0.046,0.03934,0.20851,0.00779,0,0.99281,0.99408,0.99376,0.94476,0.99307,0.98979,0.99362,0.99361,0.38854,0.01629,0.00698,0.1143,0.00758,0,0.000370788,0.000370788,0.000370788
119,24600.5,0.56217,0.04571,0.03948,0.2108,0.00786,0,0.99533,0.9928,0.99375,0.94469,0.99357,0.99042,0.99363,0.99362,0.38846,0.01628,0.00698,0.11407,0.00758,0,0.000351215,0.000351215,0.000351215
120,24802.1,0.55583,0.04747,0.04036,0.2096,0.00773,0,0.99502,0.99307,0.9939,0.94485,0.9931,0.99084,0.99377,0.99376,0.3883,0.01627,0.00697,0.11399,0.00758,0,0.000332153,0.000332153,0.000332153
121,25004.5,0.55796,0.04615,0.04035,0.20893,0.00778,0,0.99463,0.99384,0.994,0.945,0.99304,0.9911,0.99388,0.99387,0.38833,0.01626,0.00695,0.11385,0.00758,0,0.00031361,0.00031361,0.00031361
122,25208.1,0.5593,0.04543,0.04006,0.20847,0.00778,0,0.99493,0.99372,0.994,0.94502,0.99298,0.99136,0.99387,0.99386,0.38826,0.01621,0.00693,0.11366,0.00758,0,0.000295593,0.000295593,0.000295593
123,25411.4,0.55283,0.04585,0.03933,0.20539,0.00768,0,0.99403,0.99529,0.99398,0.94488,0.99298,0.99189,0.99386,0.99385,0.388,0.0162,0.00692,0.11344,0.00757,0,0.000278112,0.000278112,0.000278112
124,25614.9,0.55785,0.04568,0.03873,0.20663,0.00779,0,0.99335,0.99477,0.99414,0.94509,0.99265,0.9911,0.99403,0.99402,0.38798,0.01618,0.0069,0.11408,0.00757,0,0.000261173,0.000261173,0.000261173
125,25827,0.55601,0.04627,0.03975,0.20973,0.00775,0,0.99502,0.99295,0.99414,0.94507,0.99321,0.99058,0.99403,0.99401,0.38791,0.01617,0.0069,0.11407,0.00757,0,0.000244784,0.000244784,0.000244784
126,26031.8,0.55502,0.04574,0.03931,0.20799,0.00772,0,0.99506,0.99437,0.99422,0.94557,0.9927,0.99202,0.99411,0.9941,0.38763,0.01617,0.00695,0.11344,0.00757,0,0.000228952,0.000228952,0.000228952
127,26233.9,0.5527,0.04484,0.0394,0.20648,0.00773,0,0.99463,0.99372,0.99422,0.94561,0.99237,0.99136,0.99408,0.99407,0.3877,0.01616,0.00699,0.11391,0.00757,0,0.000213685,0.000213685,0.000213685
128,26442.8,0.5553,0.04584,0.03832,0.2073,0.00773,0,0.99474,0.99385,0.99418,0.94541,0.99238,0.99149,0.99406,0.99405,0.3878,0.01615,0.00699,0.11406,0.00757,0,0.000198988,0.000198988,0.000198988
129,26647.4,0.55495,0.04535,0.03981,0.20872,0.00776,0,0.99515,0.99409,0.99399,0.94504,0.99293,0.99179,0.99387,0.99386,0.38752,0.01614,0.00719,0.11373,0.00757,0,0.000184868,0.000184868,0.000184868
130,26856.2,0.55202,0.04434,0.03988,0.20579,0.00769,0,0.99541,0.99372,0.99398,0.94494,0.99319,0.99149,0.99385,0.99384,0.38752,0.01613,0.00717,0.11355,0.00757,0,0.000171332,0.000171332,0.000171332
131,27061.2,0.38796,0.02351,0.00695,0.12056,0.00754,0,0.99398,0.99409,0.99398,0.94401,0.99209,0.99163,0.99385,0.99384,0.38809,0.01614,0.0072,0.11397,0.00758,0,0.000158385,0.000158385,0.000158385
132,27268.1,0.38091,0.02281,0.00701,0.11562,0.00736,0,0.99359,0.99458,0.99398,0.94367,0.9915,0.99214,0.99385,0.99384,0.38787,0.01612,0.00719,0.11387,0.00758,0,0.000146033,0.000146033,0.000146033
133,27475.1,0.37866,0.02288,0.00608,0.1119,0.00729,0,0.99399,0.99521,0.99397,0.94364,0.99163,0.99274,0.99385,0.99385,0.38787,0.01608,0.00694,0.11338,0.00758,0,0.000134282,0.000134282,0.000134282
134,27677.9,0.3764,0.02244,0.00616,0.11238,0.00723,0,0.99438,0.99545,0.99372,0.9435,0.99203,0.99309,0.9936,0.99359,0.38748,0.01606,0.00691,0.11303,0.00757,0,0.000123136,0.000123136,0.000123136
135,27881.4,0.37387,0.02275,0.00638,0.10998,0.00717,0,0.99404,0.99463,0.99372,0.94358,0.99168,0.99228,0.99361,0.9936,0.38717,0.01612,0.00687,0.11315,0.00756,0,0.000112601,0.000112601,0.000112601
136,28083.9,0.37366,0.02243,0.00568,0.11011,0.00718,0,0.99438,0.99505,0.99371,0.94356,0.99202,0.9927,0.99361,0.99361,0.38701,0.01609,0.00696,0.11325,0.00756,0,0.000102681,0.000102681,0.000102681
137,28290.6,0.36994,0.02171,0.00623,0.11026,0.00711,0,0.99516,0.99457,0.99372,0.94422,0.9928,0.99222,0.99362,0.99361,0.38664,0.01605,0.00694,0.11273,0.00755,0,9.33805e-05,9.33805e-05,9.33805e-05
138,28492.9,0.37032,0.02192,0.00617,0.11035,0.00713,0,0.99438,0.99494,0.99374,0.9443,0.99289,0.99149,0.99365,0.99364,0.38637,0.01602,0.0069,0.11264,0.00754,0,8.47036e-05,8.47036e-05,8.47036e-05
139,28699,0.36969,0.02221,0.00539,0.10885,0.00712,0,0.99424,0.99453,0.9939,0.94463,0.99354,0.99097,0.9938,0.99379,0.38617,0.01597,0.00687,0.11226,0.00754,0,7.6654e-05,7.6654e-05,7.6654e-05
140,28905.6,0.36863,0.0214,0.00586,0.10864,0.00706,0,0.99464,0.99372,0.99409,0.94468,0.99261,0.99163,0.99398,0.99397,0.38599,0.01594,0.00684,0.11266,0.00753,0,6.92353e-05,6.92353e-05,6.92353e-05
141,29108,0.37025,0.0216,0.00555,0.10909,0.00709,0,0.99428,0.9945,0.99415,0.94477,0.99218,0.99241,0.99405,0.99403,0.38552,0.0159,0.00681,0.11219,0.00752,0,6.24508e-05,6.24508e-05,6.24508e-05
142,29311.7,0.36888,0.02198,0.00572,0.10955,0.00706,0,0.99468,0.99372,0.99418,0.94487,0.99258,0.99163,0.99406,0.99406,0.38533,0.01588,0.00674,0.11216,0.00752,0,5.63034e-05,5.63034e-05,5.63034e-05
143,29513.7,0.37115,0.0224,0.0056,0.11014,0.00709,0,0.99439,0.99463,0.99418,0.94486,0.9923,0.99254,0.99407,0.99407,0.38508,0.01586,0.00676,0.1118,0.00751,0,5.07959e-05,5.07959e-05,5.07959e-05
144,29720.1,0.36777,0.02109,0.00591,0.10901,0.00705,0,0.99506,0.99359,0.9942,0.94508,0.99296,0.99149,0.99408,0.99407,0.38474,0.01584,0.00673,0.11173,0.00751,0,4.59306e-05,4.59306e-05,4.59306e-05
145,29920.3,0.36758,0.02193,0.00589,0.10942,0.00706,0,0.99476,0.99388,0.9942,0.94514,0.99267,0.99179,0.99409,0.99408,0.3846,0.01582,0.00667,0.11178,0.0075,0,4.17097e-05,4.17097e-05,4.17097e-05
146,30121.8,0.36709,0.02144,0.00541,0.10858,0.00701,0,0.99484,0.99333,0.9942,0.94526,0.99275,0.99123,0.99409,0.99408,0.38417,0.0158,0.00668,0.11214,0.0075,0,3.8135e-05,3.8135e-05,3.8135e-05
147,30326.1,0.36754,0.02085,0.0056,0.10877,0.00704,0,0.99492,0.99333,0.9942,0.94532,0.99283,0.99123,0.99409,0.99408,0.38387,0.01578,0.00667,0.11195,0.00749,0,3.52081e-05,3.52081e-05,3.52081e-05
