epoch,stage,lr,landm_weight,train_time_s,train_loss,train_reg,train_cls,train_landm,train_nme,train_acc,train_landm_acc,train_landm_acc_eyeL,train_landm_acc_eyeR,train_landm_acc_nose,train_landm_acc_mouthL,train_landm_acc_mouthR,train_pos_precision,train_pos_recall,train_pos_f1,train_neg_precision,train_neg_recall,val_time_s,val_loss,val_reg,val_cls,val_landm,val_nme,val_acc,val_landm_acc,val_landm_acc_eyeL,val_landm_acc_eyeR,val_landm_acc_nose,val_landm_acc_mouthL,val_landm_acc_mouthR,val_pos_precision,val_pos_recall,val_pos_f1,val_neg_precision,val_neg_recall,val_map50,val_map75,val_map
0,1,0.001,1.0,333.8,31.406894,0.326003,0.827272,29.927616,0.119312,0.99948,0.573691,0.609727,0.610715,0.455455,0.594387,0.598197,0.872905,0.862744,0.867794,0.999728,0.999751,34.3,26.965086,0.304127,0.813699,25.543133,0.095843,0.999481,0.652726,0.695919,0.684447,0.515814,0.684616,0.682863,0.873945,0.86239,0.868129,0.999727,0.999753,,,
1,1,0.001,1.0,316.8,25.277544,0.327773,0.8287,23.793299,0.089987,0.999479,0.684207,0.729075,0.724669,0.544912,0.708512,0.7139,0.872332,0.862538,0.867407,0.999728,0.99975,33.9,25.311231,0.304127,0.813699,23.889279,0.088864,0.999481,0.690058,0.731133,0.732128,0.552685,0.725109,0.709261,0.873945,0.86239,0.868129,0.999727,0.999753,,,
2,1,0.001,1.0,315.2,24.319,0.326524,0.827251,22.838702,0.085824,0.999481,0.707163,0.752686,0.747145,0.565986,0.734099,0.73593,0.873274,0.86287,0.868041,0.999728,0.999752,34.0,24.557414,0.304127,0.813699,23.135462,0.085754,0.999481,0.705871,0.751125,0.744669,0.568821,0.736783,0.727988,0.873945,0.86239,0.868129,0.999727,0.999753,,,
3,1,0.001,1.0,316.2,23.743562,0.326042,0.828259,22.263218,0.083323,0.999479,0.720406,0.764366,0.7605,0.581187,0.74567,0.750335,0.872385,0.862741,0.867536,0.999728,0.99975,33.4,23.831548,0.304127,0.813699,22.409595,0.082671,0.999481,0.723521,0.769639,0.759318,0.581517,0.752191,0.754972,0.873945,0.86239,0.868129,0.999727,0.999753,,,
4,1,0.001,1.0,316.8,23.389957,0.324994,0.827538,21.912431,0.081814,0.99948,0.729249,0.771617,0.770753,0.588786,0.756052,0.759067,0.872784,0.862693,0.867709,0.999728,0.999751,33.9,23.850474,0.304127,0.813699,22.428522,0.08267,0.999481,0.72247,0.772064,0.76702,0.561627,0.754131,0.757544,0.873945,0.86239,0.868129,0.999727,0.999753,,,
5,2,9.99882649009242e-06,1.0,320.1,23.707348,0.338512,0.86598,22.164344,0.082385,0.999437,0.724521,0.771911,0.767786,0.598226,0.742283,0.742423,0.885293,0.821657,0.852289,0.999647,0.999789,33.2,20.941817,0.237003,0.760495,19.707317,0.069857,0.999544,0.797524,0.840924,0.837425,0.682558,0.814228,0.812506,0.900426,0.865774,0.88276,0.999734,0.99981,,,
6,2,9.995306511219883e-06,1.0,316.1,19.396838,0.252223,0.74883,18.143563,0.064521,0.999548,0.831416,0.867998,0.866145,0.74079,0.84168,0.840485,0.902999,0.864235,0.883192,0.999731,0.999816,33.6,18.70528,0.228016,0.718011,17.531237,0.060276,0.999577,0.85272,0.886804,0.883753,0.769278,0.863135,0.860643,0.910859,0.872047,0.891031,0.999746,0.999831,,,
7,2,9.989441715674422e-06,1.0,318.8,18.068232,0.249606,0.724987,16.844032,0.058871,0.999562,0.862305,0.894199,0.88986,0.792075,0.869395,0.866008,0.907143,0.867275,0.886761,0.999737,0.999824,33.5,17.753839,0.229273,0.705759,16.589534,0.056368,0.999581,0.872294,0.902263,0.897725,0.803725,0.880416,0.877351,0.912275,0.872418,0.891902,0.999747,0.999833,,,
8,2,9.981234856414306e-06,1.0,320.8,17.275693,0.247233,0.711849,16.069379,0.055647,0.999564,0.878562,0.906354,0.902586,0.819509,0.884367,0.880006,0.908613,0.866681,0.887152,0.999736,0.999827,33.6,17.125385,0.23241,0.698163,15.962402,0.053775,0.999581,0.88509,0.911768,0.907311,0.826502,0.891661,0.888215,0.913035,0.871575,0.891824,0.999745,0.999835,,,
9,2,9.970689785771798e-06,1.0,323.3,16.709538,0.24793,0.705908,15.50777,0.053426,0.999562,0.888915,0.913939,0.910424,0.837606,0.893578,0.889037,0.90879,0.865584,0.886661,0.999734,0.999828,33.7,16.6757,0.235353,0.692382,15.512611,0.051968,0.999581,0.894225,0.918568,0.914946,0.843371,0.898756,0.895491,0.910593,0.87424,0.892046,0.99975,0.99983,,,
10,2,9.957811453644848e-06,1.0,321.2,16.225563,0.24824,0.698312,15.030772,0.051489,0.999562,0.897796,0.920573,0.91836,0.851778,0.901895,0.896382,0.909272,0.864891,0.886527,0.999732,0.999829,33.9,16.208695,0.236785,0.687126,15.048,0.050062,0.999577,0.902189,0.925243,0.919829,0.856405,0.905625,0.90385,0.911871,0.870833,0.89088,0.999744,0.999833,,,
11,2,9.942605905173593e-06,1.0,318.6,15.824934,0.24851,0.690827,14.637088,0.049921,0.999564,0.904132,0.924796,0.924211,0.862727,0.906564,0.902372,0.910261,0.865038,0.887073,0.999733,0.999831,33.9,15.839629,0.234925,0.680599,14.689181,0.048703,0.999578,0.907517,0.930576,0.923923,0.865764,0.909043,0.908284,0.913823,0.868854,0.890772,0.99974,0.999837,,,
12,2,9.925080277902744e-06,1.0,316.8,15.470833,0.248345,0.686217,14.287926,0.048571,0.999563,0.909662,0.92985,0.928707,0.871607,0.910865,0.907289,0.909722,0.865035,0.886816,0.999733,0.99983,33.6,15.497012,0.238067,0.676833,14.344045,0.047314,0.999577,0.912933,0.933632,0.929031,0.875529,0.913859,0.912616,0.913867,0.86827,0.890485,0.999739,0.999838,,,
13,2,9.905242798431197e-06,1.0,323.7,15.146801,0.248262,0.681336,13.968941,0.047366,0.999561,0.914394,0.933461,0.931896,0.878428,0.91546,0.912734,0.90964,0.863639,0.886043,0.99973,0.99983,34.0,15.192221,0.236915,0.670962,14.047429,0.046206,0.999578,0.917198,0.936135,0.933328,0.882722,0.916397,0.91741,0.911848,0.871283,0.891104,0.999745,0.999833,,,
14,2,9.883102778550434e-06,1.0,321.6,14.866946,0.247191,0.674625,13.697938,0.046312,0.999563,0.91872,0.936889,0.935582,0.88557,0.918541,0.917023,0.910184,0.86439,0.886696,0.999731,0.999831,33.8,14.934604,0.237913,0.667858,13.79092,0.045211,0.999576,0.920854,0.938819,0.9352,0.888586,0.920548,0.921122,0.912752,0.869068,0.890375,0.99974,0.999835,,,
15,2,9.858670610873528e-06,1.0,316.6,14.608825,0.247105,0.670694,13.44392,0.04535,0.999562,0.922298,0.939286,0.938102,0.891569,0.922573,0.919963,0.910252,0.863661,0.886345,0.99973,0.999831,33.9,14.687633,0.236289,0.663936,13.551119,0.044282,0.999575,0.924186,0.941863,0.937625,0.894178,0.923266,0.923999,0.914059,0.867044,0.889931,0.999736,0.999838,,,
16,2,9.831957763956812e-06,1.0,318.2,14.40285,0.245146,0.665672,13.246886,0.044574,0.999563,0.924993,0.941442,0.940666,0.89592,0.924931,0.922014,0.910614,0.863974,0.886681,0.99973,0.999832,33.8,14.580005,0.236611,0.658974,13.447809,0.043877,0.999574,0.926962,0.943723,0.940884,0.898463,0.925308,0.926435,0.912783,0.868112,0.889888,0.999738,0.999835,,,
17,2,9.802976776916493e-06,1.0,321.2,14.192397,0.243818,0.662758,13.042004,0.043801,0.999563,0.927863,0.943453,0.942504,0.900974,0.927863,0.924526,0.911332,0.863098,0.88656,0.999729,0.999834,34.2,14.365278,0.235763,0.658337,13.235416,0.043076,0.999575,0.929601,0.945347,0.942688,0.903672,0.928026,0.928274,0.91408,0.866921,0.889876,0.999736,0.999838,,,
18,2,9.771741253542742e-06,1.0,316.7,14.012768,0.243159,0.659652,12.866799,0.043128,0.999562,0.930085,0.94459,0.945375,0.904888,0.929163,0.926413,0.911457,0.862434,0.886268,0.999727,0.999834,33.7,14.158948,0.235447,0.652195,13.03586,0.042312,0.999579,0.931489,0.946768,0.944854,0.905612,0.929819,0.930395,0.91156,0.871991,0.891337,0.999746,0.999832,,,
19,2,9.738265855914014e-06,1.0,322.0,13.81655,0.242151,0.653808,12.67844,0.042432,0.999565,0.932742,0.946954,0.945715,0.908577,0.931963,0.930506,0.911812,0.863445,0.886969,0.999729,0.999835,34.1,13.963868,0.234817,0.649839,12.844395,0.041541,0.999577,0.933589,0.948606,0.946263,0.909468,0.931816,0.931794,0.911372,0.871114,0.890788,0.999744,0.999832,,,
20,2,9.702566297514622e-06,1.0,320.0,13.66481,0.239493,0.650099,12.535724,0.041863,0.999565,0.934774,0.949038,0.947424,0.912688,0.933332,0.931389,0.912057,0.863053,0.886879,0.999729,0.999835,33.4,13.927751,0.233441,0.645769,12.8151,0.04154,0.999576,0.935037,0.949824,0.948135,0.911227,0.932752,0.933249,0.913937,0.86773,0.890235,0.999737,0.999838,,,
21,2,9.664659335858755e-06,1.0,320.5,13.509531,0.238608,0.647411,12.384905,0.041287,0.999565,0.936295,0.94986,0.948391,0.915154,0.935156,0.932916,0.912304,0.863048,0.886992,0.999729,0.999836,34.0,13.636149,0.231843,0.642323,12.530141,0.040392,0.999578,0.937207,0.951154,0.949646,0.91576,0.934997,0.934479,0.915879,0.866392,0.890449,0.999735,0.999842,,,
22,2,9.624562764624446e-06,1.0,319.6,13.365758,0.23829,0.64488,12.244299,0.04078,0.999563,0.937926,0.951666,0.949236,0.918137,0.936273,0.93432,0.911899,0.862403,0.886461,0.999727,0.999835,33.2,13.495288,0.231037,0.639666,12.393547,0.039889,0.999578,0.938815,0.952496,0.951,0.918207,0.93635,0.936024,0.914123,0.868832,0.890902,0.99974,0.999838,,,
23,2,9.582295405301131e-06,1.0,321.2,13.230622,0.237103,0.64211,12.114306,0.0403,0.999565,0.939652,0.952905,0.950681,0.920784,0.938004,0.935887,0.912278,0.862803,0.886851,0.999728,0.999836,33.5,13.462936,0.230551,0.637719,12.364116,0.039794,0.999578,0.939993,0.953342,0.951158,0.920755,0.937399,0.93731,0.915619,0.866887,0.890587,0.999736,0.999841,,,
24,2,9.537877098354787e-06,1.0,320.9,13.091804,0.235377,0.639142,11.981908,0.039799,0.999565,0.941205,0.953958,0.952264,0.923092,0.939621,0.937093,0.912645,0.8626,0.886917,0.999728,0.999836,33.9,13.303149,0.229519,0.635964,12.208146,0.039233,0.999578,0.941125,0.953826,0.951789,0.923326,0.938211,0.938472,0.914022,0.868787,0.890831,0.99974,0.999838,,,
25,2,9.491328693914723e-06,1.0,325.1,12.962817,0.234305,0.636045,11.858162,0.039344,0.999566,0.942579,0.954462,0.953309,0.925629,0.94057,0.938928,0.912562,0.863087,0.887136,0.999729,0.999836,33.4,13.224284,0.228555,0.630727,12.136448,0.038951,0.999579,0.942864,0.954965,0.953921,0.925795,0.939621,0.940018,0.915368,0.86773,0.890913,0.999737,0.999841,,,
26,2,9.442672041986458e-06,1.0,324.6,12.853912,0.233846,0.63436,11.75186,0.038973,0.999566,0.943606,0.955183,0.954514,0.92713,0.940849,0.940356,0.912964,0.862817,0.887182,0.999728,0.999837,33.3,13.074892,0.226974,0.628313,11.992632,0.038484,0.999581,0.944213,0.955653,0.954665,0.927994,0.941573,0.94118,0.914716,0.869765,0.891674,0.999741,0.999839,,,
27,2,9.391929982195233e-06,1.0,320.1,12.729256,0.230987,0.63022,11.637061,0.03856,0.999569,0.944791,0.955919,0.954904,0.929128,0.943534,0.940471,0.913885,0.863515,0.887986,0.99973,0.999839,33.4,13.018266,0.227102,0.628195,11.935866,0.038277,0.999579,0.944736,0.956397,0.954687,0.928637,0.942001,0.941958,0.914754,0.868618,0.891089,0.999739,0.999839,,,
28,2,9.339126333065008e-06,1.0,322.6,12.634191,0.230543,0.628497,11.544608,0.038211,0.999569,0.945779,0.95688,0.955441,0.930528,0.944058,0.941991,0.913362,0.863895,0.88794,0.99973,0.999838,33.9,12.836138,0.227146,0.627003,11.754843,0.037595,0.999579,0.945555,0.957254,0.955522,0.929584,0.943445,0.941969,0.916565,0.866628,0.890897,0.999735,0.999843,,,
29,2,9.284285880837947e-06,1.0,341.1,12.522471,0.229489,0.625712,11.437781,0.037821,0.999569,0.947144,0.957886,0.956544,0.932379,0.945291,0.94362,0.914139,0.863222,0.887951,0.999729,0.999839,33.4,12.680389,0.224698,0.622536,11.608457,0.03707,0.999582,0.947217,0.958652,0.957056,0.931692,0.944832,0.943853,0.915218,0.869574,0.891812,0.999741,0.99984,,,
30,2,9.22743436783966e-06,1.0,321.9,12.421378,0.22897,0.623442,11.339997,0.037483,0.99957,0.947942,0.958415,0.957324,0.9337,0.945865,0.944409,0.913639,0.863982,0.888117,0.999731,0.999838,33.3,12.621455,0.224386,0.621412,11.551271,0.036894,0.999582,0.948203,0.959002,0.957338,0.933722,0.945915,0.945038,0.916064,0.868349,0.891568,0.999739,0.999842,,,
31,2,9.168598480395653e-06,1.0,320.2,12.313079,0.227449,0.621762,11.236419,0.037121,0.999569,0.948913,0.959462,0.957325,0.935221,0.946809,0.945749,0.913924,0.863405,0.887947,0.999729,0.999839,34.0,12.486525,0.224238,0.621526,11.416524,0.036449,0.99958,0.949141,0.959825,0.958454,0.935425,0.946175,0.945828,0.915948,0.867775,0.891211,0.999738,0.999842,,,
32,2,9.107805836304658e-06,1.0,324.8,12.197678,0.226811,0.619319,11.124737,0.036752,0.99957,0.950189,0.959851,0.958858,0.936767,0.948574,0.946899,0.914483,0.863442,0.88823,0.999729,0.99984,33.9,12.427698,0.222737,0.618481,11.363744,0.036292,0.999582,0.950294,0.960242,0.959604,0.93671,0.947855,0.947057,0.915546,0.869113,0.891725,0.99974,0.999841,,,
33,2,9.045084971874738e-06,1.0,319.2,12.100683,0.225999,0.617263,11.031422,0.036414,0.999571,0.951058,0.960643,0.959784,0.938212,0.949717,0.946934,0.914165,0.864081,0.888418,0.999731,0.999839,33.9,12.286575,0.222665,0.616071,11.225174,0.035766,0.999584,0.951465,0.961009,0.960134,0.938446,0.949209,0.948524,0.912974,0.873149,0.892618,0.999748,0.999835,,,
34,2,8.98046532852822e-06,1.0,323.1,12.013866,0.225558,0.616216,10.946534,0.036109,0.999571,0.951919,0.962016,0.959812,0.939005,0.950881,0.947884,0.914623,0.863602,0.888381,0.99973,0.99984,33.3,12.188513,0.222335,0.615815,11.128029,0.035475,0.999582,0.952295,0.961708,0.961183,0.938909,0.950089,0.949584,0.914207,0.870473,0.891804,0.999743,0.999838,,,
35,2,8.91397723898178e-06,1.0,317.7,11.892309,0.224015,0.613562,10.830717,0.03574,0.999571,0.952807,0.962065,0.960655,0.939324,0.952354,0.949639,0.914619,0.863946,0.88856,0.99973,0.99984,33.8,12.107793,0.221233,0.6135,11.051827,0.035232,0.999582,0.952904,0.961629,0.961465,0.940081,0.950946,0.950397,0.917466,0.867202,0.891626,0.999736,0.999845,,,
36,2,8.845651913008145e-06,1.0,317.7,11.81233,0.22453,0.612977,10.750293,0.035445,0.999571,0.95402,0.962799,0.962145,0.941172,0.952847,0.95114,0.91495,0.86345,0.888455,0.999729,0.999841,34.3,12.063047,0.221542,0.613748,11.006216,0.035148,0.999582,0.953792,0.962362,0.962334,0.940893,0.952119,0.951254,0.915286,0.869237,0.891667,0.99974,0.99984,,,
37,2,8.775521422786104e-06,1.0,321.2,11.726839,0.223249,0.610244,10.670097,0.035165,0.999572,0.954535,0.963584,0.962116,0.942047,0.953515,0.951417,0.914901,0.863991,0.888717,0.999731,0.999841,34.2,11.89102,0.219085,0.60957,10.843281,0.034526,0.999583,0.954611,0.963196,0.962852,0.942032,0.952863,0.952111,0.916065,0.869349,0.892096,0.999741,0.999842,,,
38,2,8.703618687845697e-06,1.0,318.1,11.647007,0.221383,0.609291,10.594951,0.034908,0.999572,0.955086,0.963288,0.962925,0.942747,0.954632,0.951841,0.915225,0.863653,0.888691,0.99973,0.999841,33.5,11.864135,0.220516,0.609251,10.813852,0.034428,0.999583,0.955046,0.963433,0.963157,0.941818,0.953743,0.953081,0.915272,0.870181,0.892157,0.999742,0.99984,,,
39,2,8.629977459615655e-06,1.0,321.5,11.554332,0.221378,0.607983,10.503592,0.034602,0.999573,0.95606,0.964336,0.963272,0.943791,0.955885,0.953019,0.915297,0.864185,0.889007,0.999731,0.999842,33.6,11.736311,0.219019,0.607775,10.690499,0.033998,0.999582,0.955741,0.96376,0.96363,0.943216,0.954239,0.95386,0.914599,0.870507,0.892008,0.999743,0.999839,,,
40,2,8.554632305580355e-06,1.0,317.1,11.497205,0.221071,0.606386,10.448678,0.034367,0.999573,0.95651,0.96448,0.96378,0.944745,0.955704,0.953843,0.915395,0.863999,0.888955,0.999731,0.999842,33.7,11.76258,0.218738,0.607668,10.717434,0.034147,0.999583,0.956111,0.964144,0.964036,0.943622,0.954488,0.954266,0.915858,0.869214,0.891927,0.99974,0.999841,,,
41,2,8.477618593053693e-06,1.0,321.2,11.429867,0.220341,0.605301,10.383883,0.034145,0.999574,0.957171,0.964987,0.964751,0.945261,0.95591,0.954949,0.915325,0.864494,0.889184,0.999732,0.999842,34.3,11.594039,0.217888,0.605335,10.552928,0.033546,0.999583,0.956943,0.964719,0.965074,0.944614,0.955807,0.954503,0.916998,0.868214,0.891939,0.999738,0.999844,,,
42,2,8.39897247257754e-06,1.0,319.3,11.371287,0.219112,0.60211,10.330952,0.033966,0.999575,0.95784,0.965391,0.964638,0.946195,0.957725,0.955254,0.915484,0.864874,0.88946,0.999732,0.999842,34.2,11.569469,0.218345,0.604638,10.52814,0.033467,0.999583,0.957381,0.964741,0.965018,0.94573,0.956179,0.955236,0.917101,0.868146,0.891952,0.999738,0.999844,,,
43,2,8.318730860952523e-06,1.0,319.4,11.301496,0.219856,0.602647,10.259138,0.033722,0.999573,0.958413,0.966039,0.9655,0.946833,0.958095,0.955599,0.91509,0.864247,0.888942,0.999731,0.999841,33.7,11.474915,0.215842,0.60232,10.44091,0.033151,0.999585,0.958033,0.965632,0.965604,0.946328,0.956789,0.955812,0.916179,0.870147,0.89257,0.999742,0.999842,,,
44,2,8.23693142390914e-06,1.0,318.1,11.254437,0.218056,0.600866,10.217459,0.033567,0.999574,0.958828,0.966288,0.965907,0.947651,0.958427,0.955867,0.915455,0.864604,0.889303,0.999732,0.999842,33.7,11.413368,0.215904,0.600338,10.381222,0.032953,0.999587,0.958705,0.965733,0.965852,0.948031,0.957285,0.956624,0.915856,0.871643,0.893203,0.999745,0.999841,,,
45,2,8.153612558427311e-06,1.0,326.9,11.170428,0.217835,0.598774,10.135985,0.033273,0.999576,0.95948,0.966844,0.966183,0.948213,0.959476,0.956684,0.915782,0.865094,0.889717,0.999733,0.999842,34.1,11.356031,0.215535,0.599384,10.325576,0.032757,0.999585,0.959014,0.965835,0.966021,0.948076,0.957792,0.957346,0.917732,0.868382,0.892375,0.999739,0.999845,,,
46,2,8.068813374712689e-06,1.0,349.0,11.116015,0.216112,0.596555,10.087236,0.03312,0.999576,0.959676,0.966713,0.966308,0.948645,0.960383,0.956333,0.915969,0.864984,0.889747,0.999732,0.999843,37.4,11.326826,0.214276,0.597153,10.30112,0.032693,0.999588,0.95967,0.966444,0.966517,0.949215,0.958469,0.957707,0.916809,0.871137,0.893389,0.999744,0.999843,,,
47,2,7.982573677838172e-06,1.0,384.8,11.067955,0.215352,0.594988,10.042263,0.032947,0.999578,0.960128,0.966712,0.967046,0.949339,0.959519,0.958027,0.916011,0.865887,0.890244,0.999734,0.999843,33.9,11.35907,0.21499,0.599748,10.329342,0.032816,0.999586,0.959822,0.966929,0.966799,0.94882,0.958514,0.958045,0.916003,0.870968,0.892918,0.999744,0.999841,,,
48,2,7.894933949059243e-06,1.0,322.4,11.01209,0.21501,0.594688,9.987381,0.032776,0.999576,0.960165,0.967233,0.966579,0.950036,0.958916,0.958063,0.915475,0.865409,0.889738,0.999733,0.999842,33.5,11.248873,0.213008,0.59582,10.227039,0.03243,0.999588,0.960464,0.966827,0.967194,0.950478,0.95892,0.958903,0.915714,0.872115,0.893383,0.999746,0.999841,,,
49,2,7.805935326811911e-06,1.0,320.0,10.972896,0.214415,0.594791,9.949276,0.032615,0.999576,0.960982,0.967901,0.967091,0.950665,0.96039,0.958867,0.916024,0.864739,0.889643,0.999732,0.999843,33.6,11.277024,0.214244,0.59536,10.253175,0.032592,0.999587,0.960537,0.966929,0.966957,0.950838,0.959484,0.958474,0.917444,0.869574,0.892868,0.999741,0.999845,,,
50,2,7.715619587402163e-06,1.0,319.3,10.919462,0.213553,0.59172,9.900636,0.032456,0.99958,0.96132,0.968653,0.967129,0.951142,0.960756,0.958924,0.916822,0.866132,0.890756,0.999735,0.999844,34.3,11.115729,0.212153,0.59271,10.098713,0.031987,0.999589,0.960879,0.967413,0.967352,0.951222,0.959462,0.958948,0.917766,0.870282,0.893394,0.999743,0.999845,,,
51,2,7.624029125396002e-06,1.0,323.6,10.878055,0.213368,0.590635,9.860684,0.032287,0.999579,0.961622,0.967989,0.968383,0.951757,0.960974,0.959011,0.916946,0.865747,0.890611,0.999734,0.999845,33.6,11.078678,0.212624,0.593328,10.060103,0.03185,0.999587,0.961669,0.967786,0.967893,0.952112,0.960556,0.959997,0.917633,0.869495,0.892916,0.999741,0.999845,,,
52,2,7.531206933719269e-06,1.0,318.2,10.845015,0.212801,0.590263,9.829149,0.032184,0.999579,0.962005,0.96796,0.968146,0.952375,0.961692,0.959851,0.916734,0.865764,0.89052,0.999734,0.999844,34.0,11.024856,0.21129,0.591991,10.010285,0.031708,0.999588,0.961766,0.96818,0.967905,0.952631,0.960285,0.959828,0.918366,0.869529,0.89328,0.999741,0.999847,,,
53,2,7.4371965834765955e-06,1.0,320.8,10.784234,0.211463,0.589088,9.77222,0.032004,0.999579,0.96224,0.968639,0.968512,0.952601,0.962076,0.959373,0.916556,0.866124,0.890627,0.999735,0.999844,34.3,10.950069,0.211109,0.590788,9.937061,0.031427,0.999589,0.961872,0.96827,0.96804,0.952428,0.960781,0.959839,0.918501,0.869956,0.89357,0.999742,0.999847,,,
54,2,7.342042203498951e-06,1.0,324.8,10.737337,0.211188,0.588057,9.726903,0.031834,0.99958,0.962793,0.968886,0.969052,0.953219,0.962179,0.960629,0.916933,0.866031,0.890755,0.999735,0.999845,34.2,10.976979,0.210615,0.589727,9.966023,0.03157,0.99959,0.962555,0.968902,0.968502,0.953432,0.961244,0.960696,0.917727,0.871081,0.893795,0.999744,0.999845,,,
55,2,7.245788459629395e-06,1.0,324.2,10.715183,0.211824,0.587472,9.704063,0.031745,0.99958,0.962886,0.968888,0.969047,0.953478,0.963163,0.959857,0.91734,0.865775,0.890812,0.999734,0.999845,33.7,10.9031,0.210376,0.589904,9.892443,0.031257,0.999589,0.962747,0.968778,0.968468,0.953973,0.961571,0.960944,0.918845,0.869394,0.893436,0.999741,0.999848,,,
56,2,7.148480533756758e-06,1.0,318.9,10.663586,0.210121,0.58585,9.657495,0.031591,0.999582,0.963193,0.969312,0.969015,0.954077,0.962756,0.960808,0.917168,0.866656,0.891197,0.999736,0.999845,34.4,10.905869,0.210209,0.589194,9.896257,0.03131,0.99959,0.962964,0.969048,0.968536,0.954368,0.961706,0.961159,0.917113,0.872014,0.893995,0.999746,0.999844,,,
57,2,7.05016410260708e-06,1.0,321.6,10.618829,0.20984,0.584413,9.614737,0.031435,0.999581,0.963634,0.969663,0.96935,0.95505,0.963803,0.960303,0.917364,0.865902,0.89089,0.999734,0.999845,34.5,10.836713,0.209028,0.586827,9.831831,0.031074,0.999593,0.963042,0.969082,0.968604,0.954424,0.962067,0.961035,0.918032,0.872351,0.894609,0.999747,0.999845,,,
58,2,6.950885316302772e-06,1.0,338.7,10.579901,0.209413,0.583227,9.577848,0.031321,0.999583,0.96394,0.970131,0.969388,0.955411,0.964144,0.960626,0.9181,0.866614,0.891614,0.999736,0.999847,36.3,10.795008,0.208661,0.58605,9.791636,0.03095,0.999592,0.963394,0.969285,0.96892,0.955236,0.96227,0.96126,0.916832,0.873509,0.894646,0.999749,0.999843,,,
59,2,6.850690776699571e-06,1.0,341.4,10.56317,0.208731,0.583304,9.562405,0.031251,0.999582,0.96428,0.970145,0.969839,0.955781,0.963998,0.961638,0.917569,0.86649,0.891298,0.999735,0.999846,33.6,10.809461,0.208394,0.583119,9.809553,0.031032,0.999592,0.963791,0.969285,0.969224,0.955856,0.962518,0.962073,0.919576,0.870024,0.894114,0.999742,0.999849,,,
60,2,6.749627515511442e-06,1.0,317.5,10.522208,0.208263,0.581854,9.523829,0.031113,0.999584,0.964242,0.969969,0.969922,0.955733,0.963451,0.962134,0.917829,0.867371,0.891887,0.999737,0.999846,33.9,10.711952,0.207485,0.583832,9.713149,0.030684,0.999594,0.964109,0.970007,0.96945,0.956082,0.962688,0.962321,0.916693,0.874521,0.895111,0.999751,0.999842,,,
61,2,6.647742972233703e-06,1.0,329.2,10.481534,0.207419,0.580536,9.48616,0.030992,0.999584,0.964439,0.97049,0.970214,0.956241,0.963957,0.961292,0.917628,0.867517,0.891869,0.999738,0.999846,34.0,10.700921,0.206798,0.581845,9.70548,0.030685,0.999592,0.964222,0.970041,0.969686,0.956138,0.962891,0.962355,0.920042,0.86972,0.894174,0.999741,0.99985,,,
62,2,6.545084971874738e-06,1.0,333.1,10.464108,0.207776,0.580014,9.468542,0.030915,0.999584,0.964975,0.970872,0.970433,0.956653,0.964516,0.962402,0.917381,0.86759,0.891791,0.999738,0.999845,34.0,10.675377,0.207929,0.583306,9.676213,0.030553,0.999593,0.964662,0.970345,0.970137,0.95695,0.963477,0.9624,0.916947,0.873464,0.894677,0.999749,0.999843,,,
63,2,6.441701702506754e-06,1.0,326.1,10.41197,0.20636,0.578953,9.420296,0.030775,0.999584,0.965315,0.970699,0.970688,0.956986,0.965251,0.962953,0.917695,0.867373,0.891825,0.999737,0.999846,34.0,10.728508,0.206464,0.581411,9.73417,0.030816,0.999593,0.964509,0.970413,0.969653,0.956769,0.963353,0.962355,0.917493,0.873262,0.894831,0.999748,0.999844,,,
64,2,6.337641692646105e-06,1.0,322.9,10.38837,0.206296,0.578671,9.397107,0.030663,0.999583,0.965412,0.971345,0.970497,0.957141,0.964979,0.963101,0.917967,0.866847,0.891675,0.999736,0.999847,33.7,10.578868,0.205877,0.579667,9.587448,0.030247,0.999595,0.965003,0.970751,0.970295,0.957863,0.963274,0.962828,0.917276,0.874386,0.895318,0.999751,0.999843,,,
65,2,6.232953788473811e-06,1.0,322.0,10.346004,0.206167,0.576907,9.356764,0.030531,0.999586,0.96554,0.970826,0.971052,0.957745,0.964646,0.963432,0.917955,0.868071,0.892317,0.999739,0.999846,34.2,10.584756,0.205404,0.580065,9.593881,0.030275,0.999594,0.965145,0.970886,0.970081,0.957457,0.963962,0.963336,0.920643,0.870091,0.894653,0.999742,0.999851,,,
66,2,6.127687130906972e-06,1.0,318.6,10.320048,0.205775,0.576512,9.331987,0.030438,0.999588,0.965963,0.971331,0.970744,0.958775,0.965626,0.963341,0.9184,0.868601,0.892806,0.99974,0.999847,34.1,10.53186,0.204969,0.577744,9.544177,0.030111,0.999596,0.965228,0.970796,0.97034,0.957897,0.963579,0.963528,0.917922,0.874217,0.895537,0.99975,0.999845,,,
67,2,6.021891132531825e-06,1.0,346.7,10.284587,0.204867,0.575161,9.299692,0.030363,0.999586,0.96594,0.97127,0.970989,0.957886,0.96647,0.963086,0.918248,0.868139,0.892491,0.999739,0.999847,36.6,10.498935,0.205225,0.578804,9.509681,0.029977,0.999594,0.965713,0.971168,0.970487,0.9589,0.96456,0.963449,0.918277,0.872924,0.895027,0.999748,0.999846,,,
68,2,5.9156154544092805e-06,1.0,339.0,10.262784,0.204254,0.574416,9.27986,0.030264,0.999587,0.966279,0.971067,0.971801,0.958611,0.965784,0.964133,0.918744,0.867928,0.892613,0.999738,0.999848,34.4,10.527874,0.204493,0.576013,9.542876,0.030108,0.999597,0.965609,0.970785,0.970713,0.958607,0.96412,0.963821,0.91746,0.875139,0.8958,0.999752,0.999844,,,
69,2,5.808909982763825e-06,1.0,320.9,10.236725,0.204413,0.573633,9.254265,0.030179,0.999586,0.966274,0.971788,0.971222,0.958826,0.966028,0.963506,0.918186,0.867742,0.892252,0.999738,0.999847,34.4,10.443869,0.203899,0.576506,9.459565,0.029803,0.999596,0.965903,0.971134,0.970724,0.958968,0.964707,0.963979,0.91802,0.874352,0.895654,0.999751,0.999845,,,
70,2,5.701824805566723e-06,1.0,333.3,10.206765,0.204221,0.572441,9.225883,0.030095,0.999589,0.966788,0.971776,0.971274,0.959825,0.96629,0.964777,0.918777,0.86898,0.893185,0.99974,0.999848,34.2,10.52681,0.2033,0.575892,9.544317,0.030174,0.999596,0.965808,0.970999,0.970634,0.95863,0.964481,0.964295,0.918258,0.873835,0.895496,0.99975,0.999846,,,
71,2,5.594410189024533e-06,1.0,334.8,10.176764,0.203259,0.571685,9.198559,0.029993,0.999587,0.966673,0.971183,0.972358,0.959548,0.966194,0.964082,0.918027,0.868927,0.892802,0.99974,0.999846,35.2,10.389945,0.204149,0.576141,9.405506,0.02963,0.999595,0.966252,0.971315,0.970983,0.959825,0.965045,0.964092,0.920048,0.871339,0.895031,0.999745,0.99985,,,
72,2,5.486716553983949e-06,1.0,330.7,10.153304,0.202667,0.570149,9.177822,0.029914,0.999589,0.966967,0.972409,0.971346,0.959689,0.967151,0.96424,0.919143,0.868713,0.893217,0.99974,0.999849,33.9,10.396232,0.202612,0.573644,9.417364,0.029673,0.999596,0.966444,0.971687,0.971017,0.95978,0.964898,0.964836,0.919816,0.872081,0.895313,0.999746,0.999849,,,
73,2,5.378794452264054e-06,1.0,320.8,10.140557,0.202669,0.570416,9.164802,0.029865,0.999588,0.967233,0.972694,0.97167,0.960158,0.966463,0.965179,0.918552,0.868941,0.893058,0.99974,0.999847,34.4,10.38342,0.203026,0.572396,9.404972,0.029621,0.9996,0.966609,0.971698,0.971276,0.960456,0.964831,0.96478,0.916284,0.878231,0.896854,0.999758,0.999841,,,
74,2,5.270694542927089e-06,1.0,322.6,10.108315,0.201595,0.570292,9.134834,0.029778,0.999588,0.967195,0.972595,0.971561,0.960096,0.96678,0.964945,0.918776,0.868654,0.893012,0.99974,0.999848,33.8,10.321429,0.201596,0.572974,9.345263,0.029436,0.999597,0.9666,0.971585,0.971152,0.960253,0.96544,0.964566,0.922148,0.870249,0.895447,0.999742,0.999854,,,
75,2,5.1624675684989035e-06,1.0,319.3,10.093301,0.201839,0.56866,9.120964,0.02972,0.999589,0.967224,0.972248,0.97204,0.96007,0.966611,0.96515,0.918992,0.86871,0.893144,0.99974,0.999848,33.3,10.31531,0.202373,0.572241,9.338323,0.029415,0.999597,0.966744,0.971743,0.971231,0.960242,0.965575,0.964927,0.920543,0.872025,0.895627,0.999746,0.999851,,,
76,2,5.0541643311502e-06,1.0,335.7,10.064555,0.200907,0.568903,9.093838,0.029629,0.99959,0.967483,0.972905,0.971609,0.960832,0.967225,0.964844,0.919173,0.869003,0.893384,0.99974,0.999849,36.5,10.276248,0.20065,0.571211,9.303738,0.029289,0.999599,0.966918,0.971924,0.971581,0.960569,0.965474,0.96504,0.919553,0.874127,0.896265,0.99975,0.999848,,,
77,2,4.945835668849802e-06,1.0,339.6,10.034004,0.200991,0.567649,9.064373,0.029529,0.999591,0.967814,0.97281,0.972085,0.961066,0.96732,0.965787,0.919599,0.869408,0.893799,0.999741,0.999849,34.8,10.267754,0.201371,0.571427,9.293585,0.029256,0.999598,0.967166,0.972093,0.971637,0.96093,0.965756,0.965412,0.919656,0.873408,0.895935,0.999749,0.999849,,,
78,2,4.837532431501099e-06,1.0,321.4,10.025174,0.2003,0.566961,9.057613,0.029511,0.999592,0.967653,0.972611,0.972536,0.960728,0.967138,0.965253,0.919658,0.869616,0.893937,0.999742,0.999849,33.8,10.214704,0.200483,0.569897,9.243841,0.029076,0.999598,0.967421,0.972206,0.971761,0.961223,0.966241,0.965671,0.920242,0.872733,0.895858,0.999747,0.99985,,,
79,2,4.729305457072914e-06,1.0,321.3,9.992312,0.200553,0.566547,9.02466,0.029383,0.999591,0.968052,0.973095,0.972582,0.961459,0.967303,0.965821,0.919259,0.869462,0.893667,0.999741,0.999849,34.1,10.275326,0.200369,0.570032,9.304557,0.029341,0.999599,0.967251,0.972228,0.971525,0.961156,0.96597,0.965378,0.918075,0.87587,0.896476,0.999754,0.999845,,,
80,2,4.62120554773595e-06,1.0,325.0,9.987432,0.200629,0.566994,9.019179,0.029357,0.99959,0.9681,0.973496,0.971983,0.961385,0.967773,0.965862,0.91947,0.868992,0.893519,0.99974,0.999849,33.8,10.201214,0.200249,0.568497,9.232218,0.029045,0.9996,0.967594,0.972194,0.972201,0.961325,0.966038,0.966213,0.918839,0.87569,0.896746,0.999753,0.999846,,,
81,2,4.513283446016052e-06,1.0,330.6,9.961159,0.199951,0.565765,8.995492,0.029275,0.999591,0.968159,0.97311,0.972299,0.961617,0.967521,0.96625,0.919193,0.869819,0.893825,0.999742,0.999848,34.2,10.179586,0.200101,0.569079,9.210305,0.028991,0.999599,0.967739,0.972409,0.972382,0.961629,0.966218,0.966055,0.920116,0.873565,0.896236,0.999749,0.999849,,,
82,2,4.405589810975469e-06,1.0,323.5,9.93408,0.199536,0.564785,8.970224,0.029188,0.999592,0.968627,0.973615,0.972875,0.962178,0.967931,0.966536,0.91946,0.869799,0.89394,0.999742,0.999849,34.0,10.16846,0.199629,0.569663,9.199539,0.02895,0.999599,0.967691,0.972296,0.972258,0.961652,0.966478,0.965773,0.921259,0.872362,0.896144,0.999747,0.999852,,,
83,2,4.29817519443328e-06,1.0,325.8,9.921321,0.199094,0.563639,8.959495,0.029147,0.999593,0.968732,0.97332,0.972794,0.962376,0.968423,0.966748,0.919406,0.87045,0.894258,0.999743,0.999849,34.2,10.21952,0.199493,0.569224,9.251311,0.029177,0.9996,0.967824,0.972758,0.972382,0.961505,0.966658,0.965818,0.919729,0.874532,0.896561,0.999751,0.999848,,,
84,2,4.1910900172361774e-06,1.0,320.1,9.893475,0.198893,0.563883,8.931805,0.029065,0.999593,0.968734,0.9732,0.973338,0.962218,0.968224,0.966689,0.919431,0.870199,0.894138,0.999743,0.999849,33.8,10.134371,0.19865,0.568214,9.168858,0.028836,0.999599,0.968023,0.972657,0.972303,0.962069,0.966951,0.966134,0.920459,0.873115,0.896163,0.999748,0.99985,,,
85,2,4.084384545590721e-06,1.0,319.2,9.882061,0.198386,0.563608,8.921682,0.029035,0.999593,0.968674,0.973279,0.973265,0.962254,0.968015,0.966557,0.91959,0.870464,0.894353,0.999743,0.999849,34.2,10.096771,0.19884,0.567369,9.131723,0.028714,0.9996,0.968318,0.972871,0.972664,0.962509,0.967008,0.96654,0.919695,0.874386,0.896468,0.999751,0.999848,,,
86,2,3.978108867468177e-06,1.0,324.1,9.868404,0.198182,0.563516,8.908524,0.029003,0.999592,0.968853,0.973226,0.973651,0.962599,0.968143,0.966646,0.919221,0.869949,0.893906,0.999742,0.999849,33.6,10.08409,0.198374,0.56526,9.122083,0.02866,0.999601,0.968316,0.972961,0.972607,0.962768,0.966816,0.966427,0.918922,0.876151,0.897027,0.999754,0.999847,,,
87,2,3.872312869093029e-06,1.0,331.2,9.846202,0.19807,0.561573,8.888488,0.028919,0.999594,0.968965,0.974026,0.972893,0.962232,0.969448,0.966227,0.919884,0.870703,0.894618,0.999744,0.99985,35.7,10.066573,0.198079,0.565964,9.104451,0.028607,0.999602,0.968449,0.972871,0.972799,0.962926,0.966996,0.966653,0.920762,0.874251,0.896904,0.99975,0.999851,,,
88,2,3.7670462115261914e-06,1.0,362.3,9.850699,0.198464,0.562113,8.891659,0.028903,0.999594,0.968788,0.973449,0.973167,0.962571,0.968039,0.966717,0.919729,0.870452,0.894412,0.999743,0.999849,33.9,10.102476,0.198185,0.56619,9.139917,0.028784,0.999601,0.968684,0.97322,0.972979,0.962757,0.967549,0.966912,0.920178,0.874184,0.896591,0.99975,0.999849,,,
89,2,3.6623583073538966e-06,1.0,323.2,9.826082,0.197094,0.561583,8.870311,0.028865,0.999593,0.968967,0.974205,0.973101,0.962689,0.968676,0.966167,0.919506,0.870379,0.894269,0.999743,0.999849,34.2,10.044419,0.197722,0.565129,9.083846,0.028558,0.999603,0.968582,0.973051,0.972641,0.96305,0.967335,0.966833,0.91819,0.877972,0.897631,0.999758,0.999845,,,
90,2,3.558298297493247e-06,1.0,324.4,9.792436,0.196863,0.560442,8.838269,0.028759,0.999595,0.969408,0.974007,0.973775,0.963093,0.96952,0.966645,0.919935,0.870987,0.894792,0.999744,0.99985,33.8,10.058025,0.197632,0.565469,9.097291,0.02861,0.999601,0.968774,0.973119,0.9729,0.963174,0.967594,0.967081,0.92067,0.873801,0.896623,0.99975,0.999851,,,
91,2,3.4549150281252648e-06,1.0,318.7,9.789771,0.196315,0.560478,8.836662,0.02873,0.999594,0.969309,0.974027,0.97334,0.963386,0.969104,0.966691,0.919766,0.870801,0.894614,0.999744,0.999849,34.1,10.074641,0.197532,0.565302,9.114274,0.028686,0.999601,0.968817,0.973344,0.972855,0.963433,0.967459,0.966991,0.920225,0.874476,0.896767,0.999751,0.99985,,,
92,2,3.3522570277662994e-06,1.0,320.5,9.791837,0.196872,0.561295,8.836799,0.028722,0.999594,0.969225,0.974193,0.973347,0.96329,0.968055,0.967242,0.919659,0.870953,0.894644,0.999744,0.999849,33.6,10.048787,0.19772,0.56333,9.090017,0.028587,0.999602,0.968932,0.973006,0.97307,0.963399,0.967718,0.967465,0.92051,0.874498,0.896914,0.999751,0.99985,,,
93,2,3.2503724844885576e-06,1.0,323.5,9.766724,0.195998,0.559857,8.814872,0.028655,0.999595,0.969336,0.974002,0.97325,0.963584,0.968517,0.967328,0.919756,0.87142,0.894936,0.999745,0.999849,34.3,9.992792,0.196906,0.561886,9.037094,0.028375,0.999604,0.969008,0.973299,0.973013,0.963941,0.96756,0.967228,0.919618,0.876567,0.897577,0.999755,0.999848,,,
94,2,3.1493092233004288e-06,1.0,323.5,9.749446,0.195873,0.559108,8.798591,0.028584,0.999595,0.969634,0.97399,0.973992,0.963914,0.969145,0.967129,0.92013,0.870762,0.894765,0.999744,0.99985,33.8,10.003945,0.196484,0.561475,9.049501,0.028438,0.999604,0.969114,0.973581,0.973385,0.963918,0.967425,0.967262,0.919349,0.87723,0.897796,0.999756,0.999847,,,
95,2,3.049114683697228e-06,1.0,323.0,9.73014,0.195902,0.558033,8.780303,0.028555,0.999596,0.969638,0.974086,0.973866,0.963716,0.969309,0.967216,0.920627,0.871012,0.895133,0.999744,0.999851,34.0,9.960291,0.196376,0.562029,9.005509,0.028277,0.999602,0.96923,0.973604,0.973171,0.963929,0.968068,0.967375,0.919766,0.875488,0.897081,0.999753,0.999848,,,
96,2,2.9498358973929206e-06,1.0,324.4,9.7077,0.196078,0.559898,8.755646,0.028453,0.999594,0.96987,0.974886,0.973568,0.96419,0.969274,0.967433,0.919502,0.871035,0.894612,0.999744,0.999849,36.5,9.996111,0.196288,0.561424,9.04211,0.02843,0.999603,0.969365,0.973626,0.973171,0.964549,0.967763,0.967713,0.92079,0.874858,0.897237,0.999752,0.999851,,,
97,2,2.851519466243242e-06,1.0,328.7,9.716621,0.196006,0.558062,8.766547,0.028491,0.999595,0.969629,0.9741,0.973612,0.963798,0.968919,0.967719,0.919996,0.870706,0.894673,0.999744,0.99985,33.9,9.950616,0.196188,0.562555,8.995686,0.028257,0.999603,0.969374,0.973683,0.973385,0.963929,0.968226,0.967645,0.91973,0.875836,0.897247,0.999754,0.999848,,,
98,2,2.7542115403706046e-06,1.0,319.7,9.708879,0.19581,0.558259,8.759,0.028463,0.999595,0.969725,0.97412,0.973781,0.964331,0.96928,0.967116,0.920121,0.870886,0.894827,0.999744,0.99985,33.7,9.928849,0.196145,0.561807,8.974753,0.028181,0.999603,0.969457,0.973773,0.973363,0.96438,0.96791,0.96786,0.920588,0.875173,0.897306,0.999752,0.99985,,,
99,2,2.6579577965010496e-06,1.0,335.0,9.697731,0.194768,0.55818,8.750014,0.028426,0.999595,0.969925,0.974736,0.973823,0.964018,0.969738,0.96731,0.919913,0.871117,0.89485,0.999745,0.99985,34.2,9.933494,0.196411,0.5621,8.978572,0.028193,0.999603,0.969534,0.973615,0.973329,0.964425,0.968395,0.967905,0.920235,0.875375,0.897245,0.999753,0.999849,,,
100,2,2.5628034165234045e-06,1.0,323.9,9.687418,0.195842,0.558296,8.737439,0.028388,0.999595,0.969947,0.974785,0.973949,0.964568,0.969042,0.967393,0.91992,0.871291,0.894945,0.999745,0.99985,33.7,9.910674,0.196044,0.562482,8.956104,0.028133,0.999602,0.969498,0.973897,0.973667,0.964076,0.968136,0.967713,0.920542,0.874622,0.896995,0.999751,0.99985,,,
101,2,2.4687930662807296e-06,1.0,322.5,9.684692,0.195111,0.55731,8.737159,0.028366,0.999597,0.970055,0.974751,0.973703,0.964179,0.969815,0.967826,0.920231,0.871643,0.895278,0.999746,0.99985,34.1,9.897287,0.195044,0.560049,8.94715,0.02809,0.999604,0.96978,0.973795,0.973611,0.964831,0.968542,0.968119,0.920918,0.875207,0.89748,0.999752,0.999851,,,
102,2,2.375970874603997e-06,1.0,323.6,9.671773,0.195112,0.557769,8.72378,0.02833,0.999595,0.970095,0.974595,0.973752,0.964673,0.969538,0.967919,0.919677,0.871038,0.894697,0.999744,0.999849,33.7,9.887414,0.195419,0.560759,8.935817,0.028042,0.999604,0.969735,0.973852,0.973498,0.964707,0.968406,0.96821,0.919523,0.876848,0.897678,0.999756,0.999848,,,
103,2,2.284380412597835e-06,1.0,318.3,9.661333,0.194963,0.556884,8.714522,0.028312,0.999596,0.970095,0.974473,0.9741,0.964625,0.969272,0.968005,0.91983,0.87142,0.894971,0.999745,0.99985,34.1,9.892177,0.195316,0.561623,8.939921,0.028062,0.999604,0.969723,0.973931,0.973746,0.964583,0.968474,0.967882,0.920181,0.876027,0.897561,0.999754,0.999849,,,
104,2,2.1940646731880883e-06,1.0,320.2,9.650131,0.195265,0.556525,8.703077,0.028283,0.999596,0.970038,0.974529,0.974171,0.965048,0.968995,0.967449,0.920622,0.870956,0.895101,0.999744,0.999851,33.8,9.870276,0.195144,0.560294,8.919693,0.028003,0.999603,0.969832,0.973976,0.973825,0.964527,0.968756,0.968074,0.920611,0.875184,0.897323,0.999752,0.99985,,,
105,2,2.1050660509407574e-06,1.0,321.3,9.641289,0.195005,0.556691,8.694588,0.028236,0.999595,0.970249,0.974879,0.973922,0.964969,0.969668,0.967809,0.919956,0.8711,0.894861,0.999745,0.99985,33.7,9.870017,0.195125,0.558955,8.920813,0.027996,0.999605,0.969857,0.973897,0.973577,0.96491,0.968587,0.968311,0.921594,0.875341,0.897872,0.999753,0.999852,,,
106,2,2.017426322161828e-06,1.0,323.4,9.630011,0.193732,0.556224,8.686323,0.028231,0.999594,0.970211,0.974617,0.974359,0.964458,0.970246,0.967375,0.9197,0.87092,0.894645,0.999744,0.999849,33.5,9.890462,0.195061,0.559959,8.940382,0.028062,0.999605,0.969548,0.973931,0.973645,0.9642,0.968012,0.96795,0.920397,0.876398,0.897859,0.999755,0.99985,,,
107,2,1.9311866252873126e-06,1.0,319.7,9.616439,0.193927,0.555904,8.67268,0.028157,0.999596,0.970528,0.975068,0.974335,0.965443,0.970613,0.967182,0.920124,0.871147,0.894966,0.999745,0.99985,33.6,9.845925,0.195099,0.560108,8.89562,0.027906,0.999604,0.96983,0.973931,0.973679,0.964752,0.968497,0.968289,0.92189,0.874037,0.897326,0.99975,0.999853,,,
108,2,1.8463874415726899e-06,1.0,320.8,9.621993,0.194015,0.555799,8.678164,0.028179,0.999597,0.970232,0.975174,0.974087,0.964447,0.969502,0.967949,0.920443,0.871561,0.895335,0.999746,0.999851,33.8,9.853466,0.19498,0.559765,8.903741,0.027941,0.999604,0.969818,0.974032,0.973667,0.964662,0.968688,0.96804,0.922538,0.873397,0.897295,0.999749,0.999854,,,
109,2,1.7630685760908621e-06,1.0,324.9,9.623854,0.19424,0.555112,8.680262,0.028185,0.999596,0.970152,0.974296,0.974209,0.964614,0.96966,0.967983,0.920287,0.871435,0.895195,0.999745,0.99985,35.0,9.84002,0.194795,0.55947,8.89096,0.027902,0.999604,0.969888,0.974134,0.973622,0.964752,0.968632,0.9683,0.920774,0.875184,0.8974,0.999752,0.999851,,,
110,2,1.6812691390474788e-06,1.0,332.2,9.605163,0.194209,0.555486,8.661259,0.028119,0.999596,0.970519,0.974648,0.974699,0.965364,0.969841,0.968042,0.920089,0.871449,0.895109,0.999745,0.99985,34.3,9.835659,0.194792,0.559788,8.886286,0.027882,0.999605,0.970105,0.974213,0.973961,0.965395,0.968508,0.968446,0.919328,0.877365,0.897857,0.999757,0.999847,,,
